{"cameraMode":{"drawMode":0,"name":"Shaded","section":"Shading Mode"},"sceneLighting":true,"audioPlay":false,"sceneViewState":{"m_AlwaysRefresh":false,"showFog":true,"showSkybox":true,"showFlares":true,"showImageEffects":true,"showParticleSystems":true,"showVisualEffectGraphs":true,"m_FxEnabled":true},"in2DMode":false,"pivot":{"x":0.23278683423995973,"y":-0.9998173713684082,"z":-7.753023147583008},"rotation":{"x":-0.0010816355934366584,"y":0.9159984588623047,"z":-0.4011845886707306,"w":-0.0024724816903471948},"size":4.293090343475342,"orthographic":false}